,id,document_id,text_1,text_2,annotator_a,annotator_b,annotator_c,annotator_d,annotator_e,mean_label,ClinicalBERT_SIM,BioBERT_SIM,BlueBERT_SIM,BERT_SIM,Sentence_1_SIM,Sentence_2_SIM,Sentence_3_SIM
0,0,1,It has recently been shown that Craf is essential for Kras G12D-induced NSCLC.,It has recently become evident that Craf is essential for the onset of Kras-driven non-small cell lung cancer. ,4,4,4,4,4,1.0,0.8252397775650024,0.9215909242630005,0.9410569071769714,0.8493933081626892,0.6633597016334534,0.9809892773628235,0.8271470665931702
1,2,3,Previous studies demonstrated that the decrease level of 5 hmC in tumors was due to the reduced expression of TET1/2/3 and IDH2 genes or tumor derived IDH1 and IDH2 mutations.,"In addition, genetic and functional studies suggest that neomorphic IDH mutations contribute to myeloid transformation, at least in part, by inhibiting TET enzymatic function. ",2,2,3,2,2,0.5625,0.8051700592041016,0.9306952357292175,0.9111742377281189,0.8190690875053406,0.4944283068180084,0.9366411566734314,0.5633732676506042
2,3,4,"More recently, IDH mutations and resultant 2-hydroxyglutarate (2HG) production in leukemia cells were reported to induce global DNA hypermethylation through impaired TET2 catalytic function.","It has also been recently reported that mutations of the isocitrate dehydrogenase genes IDH1 and IDH2 can lead to the aberrant production of 2-hydroxyglutarate (2-HG), a metabolite that inhibits TET2 enzymatic activity, resulting in a hypermethylated promoter phenotype in acute myeloid leukemia (AML) tumors carrying IDH1/2 mutations.",3,3,4,3,3,0.8125,0.9262340068817139,0.9722720384597778,0.9500668048858643,0.9469859600067139,0.7800031900405884,0.9814890027046204,0.809556245803833
3,4,5,Recent in vitro studies using shRNA-based approaches have suggested a role for TET2 in regulating myeloid differentiation and in regulating stem/progenitor cell proliferation.,Two recent studies used RNAi-mediated Tet2 knock-down in vitro to suggest that TET2 depletion led to impaired hematopoietic differentiation and to preferential myeloid commitment.,3,3,4,3,3,0.8125,0.8887616991996765,0.9666959643363953,0.9547451138496399,0.934581995010376,0.7661221623420715,0.9730889797210693,0.7459081411361694
4,5,6,"Recently, it was reported that expression of IDH1R132H suppresses TET2 activity and the mutations of IDH1 and IDH2 genes occur in a mutual exclusive manner with that of TET2 gene in AML.","This large-scale study showed that IDH1/IDH2 mutations were mutually exclusive with inactivating TET2 mutations, suggesting that the two types of mutations had similar effects and were thus functionally redundant.",3,3,4,3,3,0.8125,0.9075506329536438,0.9406869411468506,0.9474237561225891,0.9179216027259827,0.7882794141769409,0.9615738987922668,0.7554420828819275
5,9,10,n view of the evidence that many tumors occurring in nature arise from the selection of cells with genetic and/or epigenetic changes.,"The phenomena of neoplastic development and neoplastic transformation, whether they occur in vivo or in vitro, are thought to represent the accumulation of a series of genetic and epigenetic alterations that disrupt the normal processes of cell division and tissue integrity.",3,3,3,3,3,0.75,0.896336019039154,0.949894368648529,0.9184752702713013,0.8885622620582581,0.6741927266120911,0.9574953317642212,0.7607946395874023
6,10,11,"The phenomena of neoplastic development and neoplastic transformation, whether they occur in vivo or in vitro, are thought to represent the accumulation of a series of genetic and epigenetic alterations that disrupt the normal processes of cell division and tissue integrity.",Neoplastic development represents cumulative genetic and epigenetic events leading to the emergence of cells that can attain a tumorigenic phenotype.,3,3,3,3,3,0.75,0.9140979647636414,0.9617272019386292,0.9431120753288269,0.9223531484603882,0.7717487812042236,0.9764761328697205,0.7519890069961548
7,11,12,Tumorigenesis is a multistage process that involves multiple cell types.,"Previous studies have suggested a number of hallmark functions that need to be acquired for a cancer to generate, helping researchers understand the complexity in tumor progression in a way of logical, scientific manner.",1,1,1,1,1,0.25,0.794288158416748,0.906722366809845,0.7674915790557861,0.7439193725585938,0.4773399829864502,0.9201173186302185,0.4989682137966156
8,12,13,"Furthermore, transiently expressed exogenous LATS2 is localized to centrosomes.",LATS1 and LATS2 have been detected on interphase and mitotic centrosomes ,3,3,3,3,3,0.75,0.7804211974143982,0.9211610555648804,0.8823555111885071,0.8986473083496094,0.7891436219215393,0.9508443474769592,0.6817736625671387
9,13,14,"Since in S. cerevisiae DBF2 was shown to be associated with anaphase and/or telophase progression, we examined whether the deletion of the kinase would also affect cell cycle progression in N. crassa ","Taking into consideration the role that DBF2 homologs have been shown to play in cell cycle progression, predominant localization of DBF-2 in N.crassa is expected.",2,2,2,2,2,0.5,0.9008626937866211,0.9446820020675659,0.9327681064605713,0.9247175455093384,0.6574016809463501,0.9548671245574951,0.7347115278244019
10,14,15,"Several computational target prediction approaches, such as TargetScan, PicTar, miRanda, PITA, DIANA-microT and RNAhybrid, have been developed to predict target genes. ","Three programs, PicTar, miRanda, and TargetScan , were used to predict the targets of miR-21.",2,2,3,2,3,0.5625,0.9001489281654358,0.959674596786499,0.9154706597328186,0.8793695569038391,0.6317744851112366,0.9651511907577515,0.8643524646759033
11,15,16,Several lines of evidence suggest that the known principal RB pathway lesions in human tumors act in a mutual exclusive manner.,"In individual human tumor specimens, these principal components of the pathway—RB-CDK4/6-p16INK4A—are reported to be targeted in a mutually exclusive manner.",3,3,4,3,4,0.8125,0.8544432520866394,0.947718620300293,0.8907535672187805,0.867141842842102,0.6584144830703735,0.95860755443573,0.722949743270874
12,16,17,"The Retinoblastoma protein, pRb, was among the first recognized tumor suppressor proteins, and loss or repression of pRb function is thought to play a causative role in most human cancers.",Mutation of the retinoblastoma tumor susceptibility gene (RB1) is the rate-limiting step in the genesis of retinoblastoma and over 90% of human tumors exhibit reduced pRB function.,3,3,3,3,3,0.75,0.874740719795227,0.9623789191246033,0.9454193711280823,0.9156066179275513,0.7938545346260071,0.9548187255859375,0.7661405801773071
13,17,18,"For example, loss of, or functional alterations in, the two major tumor suppressor proteins pRB and p53 cause an up-regulation of ribosome biogenesis in cancer tissues.","E2F1 stabilizes p53 by inducing the expression of p19(p14)/ARF, an inhibitor of the mdm2 ubiquitin ligase that targets p53 for proteolysis.",2,2,2,2,2,0.5,0.8132573366165161,0.931835412979126,0.9193719625473022,0.8861380219459534,0.5108229517936707,0.9239009022712708,0.43469923734664917
14,18,19,"Recently, miR-126 was identified as a metastasis suppressing miRNA that is downregulated in relapsing breast cancer, leukemia, and cervical cancer.",Subsequent reports showed that miR-126 targeted the oncogene IRS-1 (insulin receptor substrate-1) in breast cancer cells and miR-126 was downregulated in cervical cancer.,3,3,3,3,4,0.75,0.8552544116973877,0.9593619704246521,0.9406646490097046,0.9426732063293457,0.7364359498023987,0.9589442610740662,0.7097082734107971
15,20,21,"Up-regulation of miR-24 has been observed in a number of cancers, including OSCC.","In addition, miR-24 is one of the most abundant miRNAs in cervical cancer cells, and is reportedly up-regulated in solid stomach cancers.",3,3,3,3,3,0.75,0.8558032512664795,0.9499949812889099,0.895311713218689,0.9188883304595947,0.7446838021278381,0.9625027179718018,0.6970688104629517
16,25,26,"To clarify the roles of miRNAs in erythropoiesis, four miRNAs were selected (miR-155, miR-221, miR-223, and miR-451) because their expression seems to be relevant to hematopoiesis.","In myelopoiesis, miR-223 has been shown to regulate granulocyte development in both humans and mice.",2,2,2,2,2,0.5,0.8228351473808289,0.9257391095161438,0.8402624130249023,0.878407895565033,0.6236197352409363,0.9322036504745483,0.5848329067230225
17,26,27,We then sought to reassess the regulation of miR-223 in the exactly same experimental system adopted in the previous work ,"Importantly, our reassessment revealed that this conserved promoter is probably active in the induction of miR-223 during All-trans retinoic acid (ATRA)-induced differentiation of the APL cell line, NB4 cells, which is the main experimental system adopted in the previous study ",2,3,3,2,2,0.625,0.845569372177124,0.9504562020301819,0.9159284234046936,0.7888033986091614,0.5178168416023254,0.9335954189300537,0.4151756465435028
18,27,28,"Unique segments of homologous sequences in RIP1 and RIP3 (RIP homotypic interaction motifs, RHIMs)  were shown to mediate their interaction ",RIP1 was reported to interact with RIP3.,3,3,4,3,4,0.8125,0.7842339873313904,0.8978793621063232,0.8635139465332031,0.8366650342941284,0.6057407259941101,0.9184830188751221,0.72164386510849
19,28,29,"This form of necrosis, also termed necroptosis, requires the activity of receptor-interacting protein kinase 1 (RIP1) and its related kinase, RIP3 ","TNF-mediated programmed necrosis typically involves the receptor-interacting serine-threonine kinases 1 and 3 (RIP1 and RIP3), as evidenced in human, mouse, and zebrafish cell lines, as well as in a murine sepsis model ",3,3,3,3,3,0.75,0.8929500579833984,0.9576562643051147,0.9382832646369934,0.9134355783462524,0.7554026246070862,0.964337170124054,0.7827615141868591
20,29,30,"This form of necrosis, also termed necroptosis, requires the activity of receptor-interacting protein kinase 1 (RIP1) and its related kinase, RIP3 ","Moreover, other reports have also shown that necroptosis could be induced via modulating RIP1 and RIP3.",4,4,4,4,4,1.0,0.8558453321456909,0.9366053938865662,0.8758005499839783,0.8508458137512207,0.8200092911720276,0.9538607597351074,0.6945091485977173
21,30,31,"Furthermore, ablation of both Erk1 and Erk2 impaired tumor development, whereas inactivation of either one alone had no effect.",Only concomitant ablation of ERK1 and ERK2 impairs tumor growth.,4,4,4,4,4,1.0,0.8703770041465759,0.9541043043136597,0.9181879758834839,0.934581995010376,0.9125009179115295,0.9790287017822266,0.8566220998764038
22,31,32,"Importantly, the role of ERK phosphorylation in Kras-driven NSCLCs has been recently highlighted by the demonstration that ERK activity is essential for Kras-driven lung tumorigenesis.","As mentioned above, high ERK activity is crucial for the development of Kras-driven NSCLCs.",3,3,4,3,4,0.8125,0.9121161103248596,0.948943555355072,0.9005030989646912,0.8860523104667664,0.6761094331741333,0.9794089198112488,0.8560842275619507
23,33,34,"The oncogenic activity of mutant Kras appears dependent on functional Craf, but not on Braf ","Notably, c-Raf has recently been found essential for development of K-Ras-driven NSCLCs ",3,3,3,3,3,0.75,0.7250266671180725,0.9258904457092285,0.8873724937438965,0.800769567489624,0.26956307888031006,0.93159019947052,0.6118011474609375
24,34,35,The oncogenic activity of mutant Kras appears dependent on functional Craf.,Oncogenic KRAS mutations are common in cancer.,2,2,2,2,2,0.5,0.7848157286643982,0.9118682742118835,0.8600047826766968,0.8204047083854675,0.6468701958656311,0.935636043548584,0.6128296852111816
25,35,36,BAF53 and β-actin subunits have been implicated in mammalian SWI/SNF-regulated binding to the chromatin/nuclear matrix.,"In addition, Arp4-related BAF53 and β-actin are components of the human SWI/SNF complex and could play a role in its signal-regulated binding to the chromatin/nuclear matrix ",4,4,4,3,4,0.9375,0.9342367649078369,0.9626806974411011,0.9701849818229675,0.9685956239700317,0.8505822420120239,0.975134551525116,0.8852339386940002
26,36,37,"The mammalian Arp, BAF53 (BRG-associated factor), and β-actin were initially found as components of the mammalian SWI/SNF-like BAF chromatin-remodeling complex.","In addition, Arp4-related BAF53 and β-actin are components of the human SWI/SNF complex and could play a role in its signal-regulated binding to the chromatin/nuclear matrix",3,3,4,3,4,0.8125,0.9122631549835205,0.962481677532196,0.9557206630706787,0.9531724452972412,0.8601105213165283,0.9743692874908447,0.8792088627815247
27,38,39,"In eukaryotic cells, small G-proteins are critically regulated by Guanine nucleotide Exchange Factors (GEFs) and GTPase Activating Proteins (GAPs).",Eukaryotic small G-proteins are often controlled through the balancing actions of GAPs and GEFs.,4,4,4,4,4,1.0,0.9100096821784973,0.9603504538536072,0.9215503334999084,0.8892355561256409,0.8371735215187073,0.9780335426330566,0.7805377840995789
28,41,42,"We, and others, have recently described the inducible-Kras*p53+/− (iKras*p53+/−) mouse model of pancreatic cancer, that allows tissue-specific, inducible and reversible expression of mutant Kras in combination with a loss of function allele of the tumor suppressor p53.","There is a certain variability in these findings: for instance, metastatic potential has been described by other groups using KC or iKras* mice combined with loss of function allele of p53. ",3,3,3,3,3,0.75,0.8800534009933472,0.9392303228378296,0.9283223152160645,0.8645938634872437,0.5442704558372498,0.9453760981559753,0.6163442730903625
29,42,43,"The overall accuracy of our gene expression classifier was ~88%, and all T-ALL, TEL-AML1-positive, hyperdiploid and E2A-rearranged cases were correctly classified (i.e., 100% sensitivity) which resembled the data previously reported using other strategies for probe set selection and classifier construction.",A gene that warrants further studies is the erythropoietin receptor that is 7.4-fold higher expressed in TEL-AML1-positive cases compared to other precursor B-ALL cases confirming other gene expression classification studies.,2,2,2,2,2,0.5,0.8945664167404175,0.9528737664222717,0.9366243481636047,0.8898839950561523,0.5031719207763672,0.9461419582366943,0.6754854321479797
30,43,44,A gene that warrants further studies is the erythropoietin receptor that is 7.4-fold higher expressed in TEL-AML1-positive cases compared to other precursor B-ALL cases confirming other gene expression classification studies.,Another recent gene expression study of large numbers of cases provided support for the hypothesis that distinct leukemias are specified by each of the unique chromosomal abnormalities found in lymphoblastic leukemias.,0,0,0,2,1,0.125,0.8488987684249878,0.9100470542907715,0.920028805732727,0.8328952789306641,0.4151388704776764,0.9356877207756042,0.6514511704444885
31,44,45,MLL-FKBP and MLL-AF9 transformed cells showed persistent expression of Hox a7 and Hox a9 as well as the Hox cofactor Meis 1. ,"Regardless of the mechanism for transcriptional activation, increasing data suggest that Hox a7, Hox a9, and Meis1 are pivotal targets for MLL fusion protein-mediated transformation.",3,3,4,3,3,0.8125,0.8649441003799438,0.9411440491676331,0.9103584885597229,0.8946179151535034,0.7479469180107117,0.9549276232719421,0.8361602425575256
32,45,46,These findings were identical to the pattern of expression seen in human acute lymphoid and myeloid leukemias with MLL rearrangements.,These genes are consistently expressed in leukemias with MLL rearrangements.,4,3,4,3,4,0.875,0.8908905982971191,0.9520055651664734,0.9075784087181091,0.9271498918533325,0.7908430099487305,0.966224193572998,0.7919721603393555
33,47,48,"For Sox11 repression by miR-204, Neuro-2a cells (ATCC) were grown on coverslips in 24-well plates for 24 h and then co-transfected with 500 ng of pCAG-GFP expression plasmid and either 500 ng of scrambled-miRVec or miR-204-miRVec expression plasmid containing the pre-miRNA of miR-204",Co-transfection of miRVec-miR-204  and the Renilla-3′ UTR plasmid was in HEK293T cells with TransIT-LT1 Transfection Reagent (Mirus),2,2,2,2,1,0.5,0.9085497856140137,0.9569430351257324,0.9410657286643982,0.9492707252502441,0.5490841865539551,0.9294356107711792,0.7120321393013
34,49,50,"Consequently miRNAs have been demonstrated to act either as oncogenes (e.g., miR-155, miR-17−5p and miR-21) or tumor suppressors (e.g., miR-34, miR-15a, miR-16−1 and let-7)","Given the extensive involvement of miRNA in physiology, dysregulation of miRNA expression can be associated with cancer pathobiology including oncogenesis], proliferation, epithelial-mesenchymal transition, metastasis, aberrations in metabolism, and angiogenesis, among others ",2,3,3,3,3,0.6875,0.7581960558891296,0.8895066976547241,0.8996222615242004,0.8083696365356445,0.6975237131118774,0.9525797963142395,0.7094519734382629
35,50,51,"In many tumors, there is either overexpression of so-called oncogenic miRNAs (e.g., miR-155, miR-17−5p and miR-21)  or downregulation of tumor suppressor miRNAs (e.g., miR-34, miR-15a, miR-16−1 and let-7) ","Of note, miR-373 had been previously identified as a potential oncogene (together with miR-372) in testicular germ-cell tumors, although it has been proposed that the prometastatic and the oncogenic properties of this miRNA are due to the regulation of different genes (CD44 and LATS2, respectively)",2,2,1,2,2,0.4375,0.8697998523712158,0.9479258060455322,0.9130843281745911,0.9050514101982117,0.6363518834114075,0.948843777179718,0.710050642490387
36,52,53,These models have facilitated the identification of candidate oncogenes and tumor suppressor genes,The development of genome-scale libraries of RNAi reagents has facilitated loss-of-function approaches in mammalian cells that have identified candidate tumor-suppressor genes ,3,3,1,3,3,0.625,0.8359415531158447,0.9455179572105408,0.8976659774780273,0.9173291921615601,0.5445346236228943,0.943702757358551,0.6880406737327576
37,53,54,These cells (herein termed TLM-HMECs) are immortal but do not proliferate in the absence of extracellular matrix (ECM) ,"HMECs expressing hTERT and SV40 LT (TLM-HMECs) were cultured in mammary epithelial growth medium (MEGM, Lonza) ",1,2,1,2,1,0.375,0.8159105777740479,0.9252492189407349,0.8857343792915344,0.8229808211326599,0.4367777407169342,0.9536400437355042,0.6322382092475891
38,54,55,"Ironically, Rest has recently been described as both a tumor suppressor and an oncogene.","REST is a transcription factor that represses neuronal genes in non-neural tissues, and plays a prominent tumor suppressor role in epithelial tissues ",3,3,4,2,3,0.75,0.7386862635612488,0.8782736659049988,0.8612881898880005,0.841841459274292,0.6516709923744202,0.9530157446861267,0.5800724029541016
39,55,56,"Further, INPP4B was identified out of a collection of RNAis to give rise to anchorage-independent growth in human mammary epithelial cells (HMEC)","On the other hand, RASA4/CAPRI (RAS p21 protein activator 4), a suppressor of epithelial cell transformation, functions as a Ca(2+)-dependent Ras GTPase-activating 0protein (GAP) to inactivate the Ras-MAPK pathway following a stimulus that elevates intracellular calcium ",1,1,0,1,0,0.1875,0.8414153456687927,0.9264607429504395,0.8794103264808655,0.863178014755249,0.4036460816860199,0.9248626232147217,0.36226344108581543
40,57,58,"T47D, MCF-7, Skbr3, HeLa, and Caco-2 cells were transfected by electroporation as described previously."," MCF7 or HeLa cells were electroporated as described previously to more than 95% efficiency with pSuper constructs against the various targets, and 72 hr later, protein expression was analyzed by SDS-PAGE and Western blotting.",3,3,3,3,3,0.75,0.8114471435546875,0.9205079078674316,0.9056091904640198,0.8820016980171204,0.7048332095146179,0.9529005289077759,0.6040206551551819
41,59,60,"A few studies have reported the control of APC/C by genotoxic stress in mammalian cells, Ionizing radiation was shown to activate the APC/C to degrade cyclin D1, which triggers an immediate p53-independent G1 arrest.","In fact, genotoxic stresses such as ionizing radiation have been demonstrated to trigger rapid proteolysis of cyclin D1, leading to p53-independent G1 arrest.",4,4,4,3,4,0.9375,0.9357392191886902,0.9742552638053894,0.9606587290763855,0.9477699995040894,0.8162474632263184,0.9727323651313782,0.7533540725708008
42,60,61,"As p16INK4a blocks the inactivation of pRb by cyclin-dependent kinases, and Arf blocks the inactivation of p53 by Mdm2-mediated proteolysis, both have the capacity to cause cell cycle arrest.","By inducing Arf and Ink4a in primary rodent fibroblasts, oncogenic Ras expression leads to growth arrest and premature senescence.",3,3,2,2,2,0.625,0.8299397230148315,0.9273514747619629,0.90287184715271,0.8694241046905518,0.43499693274497986,0.9479967951774597,0.5978530049324036
43,61,62,"For the analysis of expression at different stages of differentiation, data were obtained for 43 mouse samples in StemBase , originating from 16 studies with Affymetrix MOE430A microarray chips, as used in an Oct4 expression profiling study covering murine ESCs, embryonal carcinoma cell lines, and several early differentiated lineages.","We investigated the patterns of expression of the Oct4-associated data set in cells at different stages of differentiation, including embryonic carcinoma, embryonic stem cells, embryoid bodies, and various differentiated cell types, on the basis of transcriptomics data.",4,4,4,3,3,0.9375,0.9155166149139404,0.959624171257019,0.9542672038078308,0.9193567037582397,0.7378638982772827,0.965543806552887,0.844597339630127
44,64,65,"Activated Ras will transform established lines, such as NIH3T3 cells, it causes a senescence-like growth arrest in primary cells ","Moreover, oncogenes such as H-RASV12 provoke a stress response in primary cells that results in an irreversible growth arrest, termed premature senescence.",3,3,3,3,3,0.75,0.8734135031700134,0.9487084150314331,0.9242204427719116,0.8746308088302612,0.6768283843994141,0.9666913747787476,0.8117790818214417
45,65,66,Oct-4-dependent transcriptional networks have been described regulating self-renewal and pluripotency in human and mouse ES and EC cells and in human mesenchymal cells.,Co-transfection of miRVec-miR-204  and the Renilla-3′ UTR plasmid was in HEK293T cells with TransIT-LT1 Transfection Reagent (Mirus),0,0,0,0,0,0.0,0.8235276937484741,0.9027349352836609,0.8931967616081238,0.8683425188064575,0.3190789818763733,0.8857049942016602,0.11756416410207748
46,66,67,"This oxidative branch activity is elevated in comparison to many cancer cell lines, where the oxidative branch is typically reduced and accounts for <20% of the carbon flow through PPP.",The Downward laboratory  went all the way from identifying GATA2 as a novel synthetic lethal gene to validating it using Kras-driven GEM models.,0,0,0,0,0,0.0,0.75229811668396,0.9100761413574219,0.8529543876647949,0.7094886302947998,0.24596694111824036,0.8747880458831787,0.2178964465856552
47,72,73,"A number of studies have identified unbiased strategies to treat KRAS mutant cancers through RNA interference screens, including inhibition of TAK1, STK33, TBK1, WT1, GATA2, and BCL-XL/MEK.",This would also permit the use of inhibitors that target a single normal protein on which in particular the tumor cells depend as the result of a mutation in a defined pathway. ,2,1,0,2,2,0.3125,0.757387638092041,0.8672993779182434,0.8684885501861572,0.8282653093338013,0.47515133023262024,0.9238595962524414,0.43904587626457214
48,73,74,"Finally, researchers combined available inhibitors selective for two of the pathways regulated by GATA2 to treat mice with Kras-driven NSCLCs.","In PC9 cells, loss of GATA6 and/or HOPX did not alter cell growth, whereas reduction of GATA2 and EGFR inhibited cell viability as previously reported. ",2,2,2,2,1,0.5,0.7860569357872009,0.9184425473213196,0.877182126045227,0.8686695098876953,0.47310376167297363,0.9259644746780396,0.4559313952922821
49,74,75,They identified that some genes involved in RHO-related signaling pathways were occupied by GATA2 in KRAS mutant but not wild-type tumor cells. ,The researchers combined available inhibitors selective for two of the pathways regulated by GATA2 to treat mice with Kras-driven NSCLCs,2,2,2,2,2,0.5,0.800338864326477,0.9415732622146606,0.9257473945617676,0.919394850730896,0.6339406967163086,0.9421979188919067,0.6409943103790283
50,75,76,The in vivo data is still preliminary and other potential roadblocks such as drug resistance have not been examined. ,"The GEM model used in this study retains wild-type Tp53, suggesting that the tumors successfully treated with bortezomib and fasudil might not be as aggressive as those in most NSCLC patients",0,0,0,0,0,0.0,0.7956842184066772,0.8908535838127136,0.8298571109771729,0.7755188941955566,0.21984444558620453,0.8921507000923157,0.30034223198890686
51,76,77,"In spite of these caveats, the results of research represent a very important advance in the long-standing fight to conquer lung cancer",We should consider the data of research as an exciting but early step in the long process of drug discovery.,1,1,0,1,1,0.1875,0.8424562215805054,0.9319683909416199,0.9143973588943481,0.8354694247245789,0.4648783504962921,0.9157996773719788,0.5605705380439758
52,77,78,"Here, looking for agents that could specifically kill KRAS mutant cells, they found that knockdown of GATA2 was synthetically lethal with KRAS mutation","Not surprisingly, GATA2 knockdown in KRAS mutant cells resulted in a striking reduction of active GTP-bound RHO proteins, including the downstream ROCK kinase",2,2,3,2,2,0.5625,0.8800662755966187,0.9343194961547852,0.8981989026069641,0.8258557915687561,0.5497952699661255,0.9527141451835632,0.5803573131561279
53,78,79,"In lung tumors, TRAF6 levels can become elevated by several mechanisms:",GATA2lox/lox   Sporadic infection of lung cells with Adeno-Cre virus   GATA2 loss induces regression of established tumors,1,1,2,2,1,0.375,0.7032327651977539,0.906270444393158,0.7839002013206482,0.7706465125083923,0.4129742980003357,0.897255003452301,0.28572627902030945
54,83,84,"We found no obvious effect of LATS2-depletion on the Aurora-A kinase activity when monitored by phosphorylation state of Thr288 on Aurora-A [18] (Fig. S2), suggesting that LATS2 may be a downstream of Aurora-A as mentioned in a previous report [8]","Among them, miR-143, miR-145 and miR-34a have been shown to inhibit cell proliferation, and miR-146a and miR-21 to increase cell growth",0,0,0,1,0,0.0625,0.7824482321739197,0.8903271555900574,0.834650456905365,0.8128366470336914,0.2091807872056961,0.8873355984687805,0.022963864728808403
55,84,85,Oct-4-dependent transcriptional networks have been described regulating self-renewal and pluripotency in human and mouse ES and EC cells and in human mesenchymal cells.,One study reports upregulation of this miR as revealed by qRT-PCR whereas a sequencing approach and microarray analysis point to a repression of miR-133b in tumor tissue,1,1,0,1,0,0.1875,0.8376539349555969,0.8974344730377197,0.8979695439338684,0.8567888736724854,0.2170276939868927,0.906373143196106,0.1485455334186554
56,85,86,"In addition, genetic and functional studies suggest that neomorphic IDH mutations contribute to myeloid transformation, at least in part, by inhibiting TET enzymatic function.","In addition, up-regulation of miR-24 has also been observed in gastric and cervical cancers",0,0,0,1,0,0.0625,0.7877676486968994,0.8889551758766174,0.8763878345489502,0.8739139437675476,0.22893331944942474,0.889467179775238,0.08858127892017365
57,86,87,"In PC9 cells, loss of GATA6 and/or HOPX did not alter cell growth, whereas reduction of GATA2 and EGFR inhibited cell viability as previously reported.","Aurora-A is required for the correct localisation and function of centrosomal components like centrosomin, NDEL1, LATS and TACC proteins",0,0,0,1,0,0.0625,0.7416920065879822,0.9076656699180603,0.8492513298988342,0.8335493206977844,0.32009804248809814,0.8814148306846619,0.1622309684753418
58,91,92,Necrotic death was augmented when caspase activities were compromised by either viral or chemical inhibitors.,"Intriguingly, in the presence of caspase inhibitors or following caspase-8 gene ablation, death receptors have also recently been shown to induce necrotic cell death, a process which is dependent on the kinase activity of RIPK1 and RIPK3",3,3,3,3,2,0.75,0.8607757687568665,0.953820526599884,0.8865511417388916,0.851913571357727,0.7405623197555542,0.9420240521430969,0.605316698551178
59,92,93,The cyclin-dependent kinase (CDK) inhibitor roscovitine has been reported to down-regulate the anti-apoptotic protein Mcl-1,Recent work in model systems and acute myelogenous leukemia has suggested that expression of MCL-1 is a key determinant of resistance to ABT-737,2,2,2,2,2,0.5,0.7537538409233093,0.9032421112060547,0.8899198770523071,0.8447040319442749,0.46468618512153625,0.9222426414489746,0.3895171284675598
60,93,94,The up-regulation of miR-146a was also detected in cervical cancer tissues.,The expression of miR-146a has been found to be up-regulated in cervical cancer.,4,4,4,4,4,1.0,0.91349858045578,0.9789443016052246,0.9488414525985718,0.9697946310043335,0.9606459736824036,0.9924703240394592,0.8799418210983276
61,94,95,"At the onset of mitosis, LATS2 is activated by phosphorylation and plays important roles in G2/M transition in cultured cells",Lats2/Kpm is homologous to Lats1 and undergoes cell cycle-dependent phosphorylation,3,3,3,3,3,0.75,0.8592631220817566,0.9401206970214844,0.9095545411109924,0.9059622883796692,0.7681604623794556,0.9481245875358582,0.6654645800590515
62,97,98,"Three programs, PicTar, miRanda, and TargetScan , were used to predict the targets of miR-21.",The genes that decreased 2-fold or more were further screened for possible miR-372/3 target sites using a local version of the TargetScan algorithm.,2,3,2,3,2,0.625,0.8023548722267151,0.9287006855010986,0.8631912469863892,0.8562252521514893,0.6778588891029358,0.9222884178161621,0.6854175329208374
63,98,99,The recent reports demonstrated that the first eight nucleotides of the 5′ end of miRNA could correlate with the efficient translational repression.,Mismatches near the 5′ end of the small RNA completely abrogated translational suppression.,3,3,4,3,3,0.8125,0.8394771814346313,0.9237082600593567,0.8842599987983704,0.8938635587692261,0.6633128523826599,0.9466704726219177,0.7054846286773682
64,1,2,"The Bcl-2 inhibitor ABT-737 induces regression of solid tumors  and its derivatives are in the early clinical phase as cancer therapeutics; however, it targets Bcl-2, Bcl-XL, and Bcl-w, but not Mcl-1, which induces resistance against apoptotic cell death triggered by ABT-737.","Recently, it has been reported that ABT-737 is not cytotoxic to all tumors cells, and that chemoresistance to ABT-737 is dependent on appreciable levels of Mcl-1 expression, the one Bcl-2 family member it does not effectively inhibit.",3,3,3,3,3,0.75,0.9271870255470276,0.9552252292633057,0.9625642895698547,0.9243150949478149,0.83394855260849,0.9731167554855347,0.8628371953964233
65,7,8,expression of an activated form of Ras proteins can induce senescence in some primary fibroblasts.,"When expressed alone in primary cells however, oncogenic Ras induces premature senescence, a putative tumour suppressor mechanism to protect from uncontrolled proliferation.",3,3,3,3,3,0.75,0.8318385481834412,0.9491979479789734,0.8904839158058167,0.9150160551071167,0.7436843514442444,0.9637048244476318,0.7258864045143127
66,8,9,A high percentage of tumor cells that take on immortalized characteristics show telomerase activity and it has been suggested that hTERT expression may be one of the six key events common to cancer.,"As a serine/threonine protein kinase, AKT functions by phosphorylating key intermediate signaling molecules, leading to increased cell metabolism, cell growth, cell survival, and cell invasiveness—all hallmarks of cancer.",2,1,1,2,1,0.375,0.812087893486023,0.9182171821594238,0.900888204574585,0.8474656939506531,0.43091338872909546,0.9398059844970703,0.3216792643070221
67,23,24,miR-223 regulates granulopoiesis by a feedback mechanism and is modulated competitively by the transcription factors nuclear factor I/A (NFI-A) and CCAAT/enhancer binding protein-α (C/EBPα) ,There is growing evidence from animal systems that miRNA-regulated transcription factors frequently regulate the transcription of their cognate miRNAs.,1,2,2,2,2,0.4375,0.7938587069511414,0.9109039902687073,0.8723951578140259,0.8327808380126953,0.43232229351997375,0.9236385822296143,0.47660723328590393
68,39,40,"In a previous study in a mouse model of KRas-dependent pancreatic ductal adenocarcinoma, it was shown that oncogenic KRas induces nucleotide biosynthesis largely through the enhancement of the nonoxidative branch of the PPP.",Previous results showed that oncogenic Ras elevates ribonucleotide synthesis largely through the nonoxidative branch of the PPP.,3,3,4,3,3,0.8125,0.8864763379096985,0.9687331318855286,0.9484372138977051,0.9283971786499023,0.5211930871009827,0.9607716798782349,0.699424684047699
69,40,41,"Importantly, RNAi knockdown of Gfpt1 reduced overall O-GlcNAcylation and blocked KrasG12DA-mediated tumor growth in vitro and in vivo.", GFPT1 is the rate-limiting enzyme in the HBP and it has been identified as an important contributor to Kras-driven pancreatic ductal adenocarcinoma (PDAC) ,2,2,2,3,2,0.5625,0.8010575771331787,0.9483621716499329,0.9028227925300598,0.878451943397522,0.5848564505577087,0.9353929758071899,0.34703031182289124
70,46,47,"miR-Vec constructs were described before, and Dnd1 open-reading frames were cloned as described into a pCS2-based CMV expression vector to contain a double carboxy-terminal HA tag. ","The pMSCV-blast-miR plasmids, containing either hsa-miR-376a1 human miRNA or control miRNA (hTR-human telomerase RNA), were constructed as described previously.",1,1,0,2,1,0.25,0.7950465679168701,0.9367066025733948,0.9305928945541382,0.8974475264549255,0.45651087164878845,0.9153042435646057,0.4824267625808716
71,62,63,"Besides these 28 OCT4-regulated genes, the Oct4-OETN included 8 more genes of a recently published list of OCT4-correlated transcripts expressed in ESCs. "," Almost half (37) of the Oct4-OETN genes are known Oct4 companions in ESCs, as their expression is directly regulated by or correlated with Oct4.",2,3,3,3,3,0.6875,0.9098151922225952,0.9629619717597961,0.9475418925285339,0.9243810772895813,0.9057269096374512,0.9729338884353638,0.8304417133331299
72,67,68,"Accordingly, expression of mutant K-Ras alone is sufficient to drive malignant progression, whereas elimination of mutant K-Ras from established tumors leads to tumor regression.",the results of research  represent a very important advance in the long-standing fight to conquer lung cancer. ,0,0,0,1,0,0.0625,0.7631171941757202,0.8834501504898071,0.8093206286430359,0.6216619610786438,0.3445279896259308,0.9097016453742981,0.16544829308986664
73,71,72,"The researchers screened human NSCLC cell lines carrying either wild-type or mutant KRAS with an RNAi library against 7,000 human genes. ","Recently, it was shown that Gata2 fulfills such role in mutant Kras induced NSCLC.",2,2,2,2,1,0.5,0.7787947058677673,0.9212836027145386,0.9035553336143494,0.8047501444816589,0.6069803833961487,0.9228877425193787,0.33885863423347473
74,79,80,"GATA2 is also of considerable interest; genetic ablation leads to tumor regression in mouse models of adenocarcinoma of the lung, and whereas this transcription factor may appear to be the least druggable of targets, its role in regulating the proteasome suggested therapeutic approaches that appear very promising","The GATA2 transcription factor, which is essential for oncogenic K-ras-dependent lung tumor development, binds to the TRAF6 promoter and enhances its expression.",2,2,2,2,1,0.5,0.8418683409690857,0.9226903915405273,0.9272889494895935,0.8728829622268677,0.6417747735977173,0.9511290788650513,0.45860186219215393
75,81,82,"Third, human Wts2 is a phosphorylation target of Aurora-A kinase, and this phosphorylation plays a role in regulating centrosomal localization of hWts2 ( Toji et al., 2004)","Similarly to PLK1, Aurora-A activity is required for the enrichment or localisation of multiple centrosomal factors which have roles in maturation, including LATS2 [ 22] and CDK5RAP2/Cnn [ 23] (see [ 10] for a review)",1,1,1,2,1,0.3125,0.8675700426101685,0.9451121687889099,0.9383466839790344,0.9235252141952515,0.6591832041740417,0.9293538928031921,0.7290181517601013
76,87,88,Centrosomes increase both in size and in microtubule-nucleating capacity just before mitotic entry.,"Functional studies showed that, when introduced into cell lines, miR-146a was found to promote cell proliferation in cervical cancer cells, which suggests that miR-146a works as an oncogenic miRNA in these cancers.",0,0,0,0,0,0.0,0.7292883396148682,0.8892958164215088,0.8621658682823181,0.8081603646278381,0.20766489207744598,0.8735090494155884,0.05919836461544037
77,89,90,The up-regulation of miR-146a was also detected in cervical cancer tissues.,"Similarly to PLK1, Aurora-A activity is required for the enrichment or localisation of multiple centrosomal factors which have roles in maturation, including LATS2 and CDK5RAP2/Cnn.",0,0,0,1,0,0.0625,0.7810190320014954,0.8837430477142334,0.8673527836799622,0.8833218812942505,0.23288188874721527,0.8769695162773132,0.04202476888895035
78,90,91,Necroptosis is also part of host defense against virus infection.,Necrotic death was augmented when caspase activities were compromised by either viral or chemical inhibitors.,2,2,1,3,2,0.5,0.7441869378089905,0.9160173535346985,0.8303669691085815,0.7999213933944702,0.6726974248886108,0.9081207513809204,0.39459219574928284
79,99,100,Oncogenic KRAS mutations are common in cancer.,"Notably, c-Raf has recently been found essential for development of K-Ras-driven NSCLCs.",2,2,1,2,2,0.4375,0.7355762124061584,0.8941407203674316,0.7864662408828735,0.6712906956672668,0.19122092425823212,0.925895094871521,0.6188644170761108
80,6,7,"Recently, it was reported that expression of IDH1R132H suppresses TET2 activity and the mutations of IDH1 and IDH2 genes occur in a mutual exclusive manner with that of TET2 gene in AML ","the mechanism was clarified by yet another genomic survey, this time involving acute myelogenous leukemia (AML). ",1,1,3,2,1,0.4375,0.7250608205795288,0.9076806306838989,0.8249708414077759,0.7279671430587769,0.5142667889595032,0.9172926545143127,0.38788244128227234
81,19,20,"Recently, miR-126 was identified as a metastasis suppressing miRNA that is downregulated in relapsing breast cancer, leukemia, and cervical cancer.","MiR-155 is upregulated in several human tumors, such as chronic lymphocytic leukemia, melanoma, head and neck squamous cell carcinoma, clear-cell kidney cancer , hepatocellular carcinoma, lymphoma, thyroid carcinoma], breast cancer, colon cancer, cervical cancer, pancreatic cancer, and lung cancer.",2,2,2,2,2,0.5,0.8520459532737732,0.9436627626419067,0.8899015188217163,0.8322275876998901,0.7145881652832031,0.9466323256492615,0.6354389786720276
82,21,22,MiR-223 seems to be a target molecule of TFs regulating granulopoiesis.,Feedback loops in which a miRNA-regulated transcription factor regulates the transcription of its cognate miRNA have been described in a number of animals.,1,1,0,2,2,0.25,0.7639039158821106,0.8557046055793762,0.8291571736335754,0.8894281983375549,0.3976175785064697,0.896025538444519,0.4893217086791992
83,22,23,"Furthermore, a very recent study demonstrated the mechanism that specifies myeloid expression of miR-223 and proposed a unique “minicircuitry” comprised of miR-223 and transcription factors, NFI-A and CAAT enhancer-binding protein α (C/EBPα) ",miR-223 regulates granulopoiesis by a feedback mechanism and is modulated competitively by the transcription factors nuclear factor I/A (NFI-A) and CCAAT/enhancer binding protein-α (C/EBPα).,3,4,4,3,3,0.875,0.9233608245849609,0.9621319770812988,0.9565548300743103,0.9003707766532898,0.6803180575370789,0.9668790698051453,0.7465486526489258
84,24,25,"In myelopoiesis, miR-223 has been shown to regulate granulocyte development in both humans and mice.","As shown previously, miR-223 is highly conserved, and its myeloid-specific expression is also well characterized in both human and mouse ",3,3,4,4,4,0.875,0.8434348106384277,0.9399150013923645,0.8805201053619385,0.8743010759353638,0.8138037323951721,0.9600138068199158,0.7455961108207703
85,32,33,"Lung tumour formation in mice by oncogenic KRAS requires CRaf, but not BRaf.",The oncogenic activity of mutant Kras appears dependent on functional Craf  but not on Braf. ,4,4,3,3,3,0.875,0.8307271003723145,0.9506882429122925,0.9471734166145325,0.8676465749740601,0.644966185092926,0.9581970572471619,0.8191305994987488
86,37,38,"All known GEFs reconfigure the nucleotide-binding pocket, often opening it by rearranging the switch regions.",A characteristic of GEFs is their strong preference for binding nucleotide-free over nucleotide-loaded GTPases.,2,2,2,2,2,0.5,0.7880271077156067,0.9360793232917786,0.9132012128829956,0.8842455148696899,0.7323358058929443,0.9288234114646912,0.5750371813774109
87,48,49,"Consequently miRNAs have been demonstrated to act either as oncogenes (e.g., miR-155, miR-17−5p and miR-21)  or tumor suppressors (e.g., miR-34, miR-15a, miR-16−1 and let-7)","The extent to which miRNAs specifically affect metastasis remains unclear, as all the miRNAs reported to affect metastasis also exert potentially confounding influences on primary tumor development, apoptosis, and/or cell proliferation ",3,3,3,3,2,0.75,0.7616559267044067,0.8826184868812561,0.8833630681037903,0.8265199661254883,0.6757925152778625,0.9466312527656555,0.48009639978408813
88,51,52,"To directly measure the effect of endogenous Dnd1 on the activity of endogenous miR-372 family, we used sensor molecules containing the luciferase gene under the control of either wild-type LATS2-3′UTR or a mutant in the 372 target sites ",The 3′UTRs of p27 and connexin-43 were PCR amplified from genomic DNA and cloned into pGL3 (Promega) downstream of the luciferase gene; constructs bearing the LATS2 3′UTR were described.,1,2,2,2,2,0.4375,0.8627291917800903,0.9478285908699036,0.940862238407135,0.9184916019439697,0.4143088161945343,0.9046103358268738,0.4442272484302521
89,56,57,"Alterations in Oct-4 expression promote differentiation and leads to the specification of ectodermal, endodermal or mesodermal primitive progenitors.","Additionally, expression of OCT4 and SOX2 has been shown to affect early differentiation genes such as SOX-17 expression.",2,1,2,2,2,0.4375,0.7817514538764954,0.9055306315422058,0.835680365562439,0.8428769111633301,0.5921455025672913,0.9461567997932434,0.6048930287361145
90,58,59,"It has been shown, however, that ubiquitination of cyclin D1 can efficiently take place following phosphorylation of another site, or without the apparent requirement for phosphorylation.","APC-dependent degradation of cyclin D1 does not require threonine 286 phosphorylation, but the presence of a “cyclin degradation box”, however, as observed in the present study, threonine 286 phosphorylation is essential for proteolytic degradation of cyclin D1 in skin",3,3,3,3,3,0.75,0.8553287386894226,0.9572470188140869,0.9495316743850708,0.9182220697402954,0.5811529159545898,0.9484944939613342,0.6506515741348267
91,63,64,Expression of an activated form of Ras proteins can induce senescence in some primary fibroblasts.,The senescent state has been observed to be inducible in certain cultured cells in response to high level expression of genes such as the activated ras oncogene.,3,4,4,3,4,0.875,0.8820157051086426,0.9379560351371765,0.8675532937049866,0.9059527516365051,0.5806930661201477,0.9621567726135254,0.7632983326911926
92,68,69,Considerable evidence indicates that cancer cells develop dependencies on normal functions of certain genes that can potentially be exploited to improve therapeutic strategies.," In the case of cell response to stress, cyclin D1 can be degraded through its binding to the anaphase-promoting complex and a RXXL sequence located in the NH2-terminal part of the protein.",0,0,0,0,0,0.0,0.774259090423584,0.8744603395462036,0.8322767615318298,0.7811307907104492,0.2947103977203369,0.8907123804092407,0.16466079652309418
93,69,70,"In PC9 cells, loss of GATA6 and/or HOPX did not alter cell growth whereas reduction of GATA2 and EGFR inhibited cell viability as previously reported.",It has been shown that the activities of many regulatory factors of checkpoints are lost or arrested during the process of tumorigenesis. ,0,0,0,1,0,0.0625,0.7407224178314209,0.8859270215034485,0.8476623892784119,0.8630855083465576,0.36203891038894653,0.8963708281517029,0.24877959489822388
94,70,71,A recent study identified the importance of the GATA2 transcriptional network in RAS oncogene-driven NSCLC and suggested effective combinations targeting the proteasome together with IL-1 and Rho-signalling.,"Alternatively, the anaphase promoting complex (APC) is responsible for the rapid degradation of cyclin D1 in cells irradiated with ionizing radiation.",0,0,0,1,0,0.0625,0.8527905941009521,0.9317113161087036,0.9058241248130798,0.8535522818565369,0.36535781621932983,0.9094290733337402,0.20322740077972412
95,80,81,BAF53 and β-actin subunits have been implicated in mammalian SWI/SNF-regulated binding to the chromatin/nuclear matrix.,β-actin and actin-related proteins have been found in the various ATP-dependent chromatin remodeling complexes,3,3,3,3,3,0.75,0.8503848314285278,0.9574857354164124,0.9137974381446838,0.9276662468910217,0.616970419883728,0.9549199342727661,0.7735024690628052
96,82,83,"Changes in miR-146a and miR-146b expression and/or binding have also been implicated in the metastatic and proliferative response associated with the development of papillary thyroid carcinoma (PTC) and cervical cancer, ovarian cancer, breast cancer and pancreatic cancer and prostate cancer.","Additionally, loss of LATS2 stimulated reduplication, an activity comparable to that observed when Cyclin E is overexpressed in the absence of p53",0,0,0,1,0,0.0625,0.7170335054397583,0.901703417301178,0.860891580581665,0.7717366814613342,0.2574510872364044,0.8981330394744873,0.023464525118470192
97,88,89,"With respect to LATS2, it has been reported that LATS2 induces G2/M arrest and subsequent apoptotic cell death.","The expression of miR-146a has been found to be up-regulated in papillary thyroid carcinoma, anaplastic thyroid cancer  and cervical cancer.",0,0,0,1,0,0.0625,0.7383087277412415,0.8834273815155029,0.8796333074569702,0.8488858938217163,0.1631772518157959,0.8787510991096497,0.12047415226697922
98,95,96,"Ironically, Rest has recently been described as both a tumor suppressor and an oncogene.",In human epithelial cells REST has been described as a potent suppressor of malignant transformation and its deregulation has been associated with several non-neural tumors including breast and small cell lung cancers,3,3,3,3,4,0.75,0.8226615190505981,0.9028366804122925,0.8900165557861328,0.8484567403793335,0.6259885430335999,0.9543614983558655,0.6171783804893494
99,96,97,"Alterations in Oct-4 expression promote differentiation and leads to the specification of ectodermal, endodermal or mesodermal primitive progenitors.","OCT4, a transcript of POU5F1, plays a role in maintaining stem cell pluripotency, self-renewal and chromatin structure in stem cells, and promotes tumor growth in a dose-dependent manner.",1,1,1,3,2,0.375,0.8475149869918823,0.9275151491165161,0.8752451539039612,0.8853553533554077,0.5151017904281616,0.9353052377700806,0.4879048764705658
